,Frequency,Signal Run 0,Background Run 0,Signal Run 1,Background Run 1
0,3.088,0.9706657151291017,0.9685637016384175,0.9699282987048009,0.9704992504717448
1,3.0940000000000003,0.9571924860218994,0.9734514592679282,0.9797415855484994,0.9751830484762759
2,3.1,0.9683469406742297,0.9764992143705188,0.9762518666148164,0.9905752723150488
