,Frequency,Signal Run 0,Background Run 0
0,3.088,0.9957397371027491,0.9934378305579106
1,3.0940000000000003,0.9516719579068333,0.9567408526633419
2,3.1,0.0,0.0
