,Frequency,Signal Run 0,Background Run 0
0,3.088,1.6098049055369652,1.6085502411894628
1,3.0902000000000003,0.0,0.0
2,3.0924,0.0,0.0
3,3.0946,0.0,0.0
4,3.0968,0.0,0.0
5,3.099,0.0,0.0
6,3.1012,0.0,0.0
7,3.1033999999999997,0.0,0.0
8,3.1056,0.0,0.0
9,3.1078,0.0,0.0
10,3.11,0.0,0.0
