,Frequency,Signal Run 0,Background Run 0,Signal Run 1,Background Run 1
0,3.088,0.9706694667523075,1.0118547097323622,0.9645289478906178,1.0651688917385966
1,3.0940000000000003,0.9630303603808086,0.9876967815229093,0.9987697105762284,0.9530296734028385
2,3.1,0.9564969127990565,0.9792184169220691,0.9792149800112409,0.9842242331538837
