,Frequency,Signal Run 0,Background Run 0
0,0.2,0.0024391051049985537,0.00242692391194215
