,Frequency,Signal Run 0,Background Run 0
0,0.1,0.9681473974289027,0.9719038859989837
1,0.15555555555555556,0.9763678398340012,0.9764437295463076
2,0.2111111111111111,0.9845186232954922,1.0045607600045563
3,0.26666666666666666,0.0,0.0
4,0.3222222222222222,0.0,0.0
5,0.37777777777777777,0.0,0.0
6,0.43333333333333335,0.0,0.0
7,0.4888888888888888,0.0,0.0
8,0.5444444444444444,0.0,0.0
9,0.6,0.0,0.0
