,Frequency,Signal Run 0,Background Run 0
0,3.088,0.0024522233129461325,0.002405684908667087
