,Frequency,Signal Run 0,Background Run 0
0,3.088,0.002191733184302993,0.002162685723903674
1,3.0904444444444445,0.002207662436734528,0.002168932489612773
2,3.092888888888889,0.0022020403476430937,0.00217018184274408
3,3.0953333333333335,0.0022492034284791714,0.0022032897007610414
4,3.097777777777778,0.0,0.0
5,3.100222222222222,0.0,0.0
6,3.1026666666666665,0.0,0.0
7,3.105111111111111,0.0,0.0
8,3.1075555555555554,0.0,0.0
9,3.11,0.0,0.0
