,Frequency,Signal Run 0,Background Run 0
0,3.088,0.0022994898921664315,0.0022207806446965118
1,3.0904444444444445,0.0023553984448561006,0.0023344717798652443
2,3.092888888888889,0.0023547737682646664,0.002331973073633928
3,3.0953333333333335,0.0,0.0
4,3.097777777777778,0.0,0.0
5,3.100222222222222,0.0,0.0
6,3.1026666666666665,0.0,0.0
7,3.105111111111111,0.0,0.0
8,3.1075555555555554,0.0,0.0
9,3.11,0.0,0.0
