,Frequency,Signal Run 0,Background Run 0
0,3.088,0.00600350960083363,0.005915742542879702
1,3.0904444444444445,0.005961031594179373,0.006049110990245022
2,3.092888888888889,0.005949475077551431,0.00589793926072576
3,3.0953333333333335,0.0,0.0
4,3.097777777777778,0.0,0.0
5,3.100222222222222,0.0,0.0
6,3.1026666666666665,0.0,0.0
7,3.105111111111111,0.0,0.0
8,3.1075555555555554,0.0,0.0
9,3.11,0.0,0.0
